http://i.imgur.com/RjrqakK.gif	2015-03	2002
http://i.imgur.com/0VHZkNd.png	2015-01	1603
http://i.imgur.com/RjrqakK.gif  2015-04	1569
http://i.imgur.com/RjrqakK.gif	2015-05	1385
https://cs7052.vk.me/c540106/v540106129/55ba9/2k5xfD3EqXI.jpg	2015-05	1350
http://i.imgur.com/RjrqakK.gif	2015-01	1275
http://i.imgur.com/RjrqakK.gif	2015-02	1133
http://i.imgur.com/trDS8zD.jpg	2015-05	1110
http://i.imgur.com/trDS8zD.jpg	2015-04	1099
http://i.imgur.com/0VHZkNd.png	2015-02	1069
http://i.imgur.com/0VHZkNd.png	2015-03	1018
http://i.imgur.com/0VHZkNd.png	2015-04	996
http://i.imgur.com/qKw7Hto.png	2015-05	811
http://i.imgur.com/trDS8zD.jpg	2015-03	755
https://pbs.twimg.com/media/BgzroaEIEAEo8m-.jpg	2015-01	720
http://i.imgur.com/qKw7Hto.png	2015-04	715
http://i.imgur.com/N5zWCsD.jpg	2015-02	694
http://i.imgur.com/0VHZkNd.png	2015-05	692
https://www.battleforthenet.com/images/share_images/anigif.gif	2015-02	683
http://i.imgur.com/YFRy57L.jpg	2015-02	605
http://i.imgur.com/uUUrhEC.gif	2015-05	595
http://i.imgur.com/YFRy57L.jpg	2015-01	570
http://i.imgur.com/Y5ycwfM.jpg	2015-01	551
http://i.imgur.com/XXH2FLS.png	2015-04	538
http://i.imgur.com/WLndICy.jpg	2015-02	526
http://i.imgur.com/FKs9uVI.png	2015-04	512
http://i.imgur.com/N5zWCsD.jpg	2015-01	498
http://i.imgur.com/TDIjSMO.jpg	2015-04	489
http://i.imgur.com/9wrxZEW.gif	2015-04	446
http://imgs.xkcd.com/comics/duty_calls.png	2015-01	441
http://i.imgur.com/WLndICy.jpg	2015-01	438
https://i.imgur.com/9WuFhGK.png	2015-03	429
http://i.imgur.com/kLUlm9W.png	2015-05	426
https://i.imgur.com/3ncgM0c.gif	2015-01	424
http://i.imgur.com/tEjeMu8.jpg	2015-01	409
https://pbs.twimg.com/media/BgzroaEIEAEo8m-.jpg	2015-02	408
http://i.imgur.com/iAXt1aD.gif	2015-05	400
http://i.imgur.com/FKs9uVI.png	2015-05	383
http://i.imgur.com/tEjeMu8.jpg	2015-04	375
http://i.imgur.com/3EW3K02.png	2015-01	374
http://i.imgur.com/EXuxcgN.gif	2015-03	366
http://i.imgur.com/tEjeMu8.jpg	2015-05	351
http://i.imgur.com/tEjeMu8.jpg	2015-02	348
http://i.imgur.com/sy9lVl4.jpg	2015-04	340
http://i.imgur.com/XXH2FLS.png	2015-05	339
http://i.imgur.com/kLUlm9W.png	2015-01	339
http://i.imgur.com/kLUlm9W.png	2015-02	339
https://i.imgur.com/2IaFGjE.jpg	2015-02	337
http://i.imgur.com/kLUlm9W.png	2015-03	336
http://i.imgur.com/kLUlm9W.png	2015-04	336
http://i.imgur.com/AsWs7Wa.gif	2015-02	335
http://i.imgur.com/ftyUoyl.png	2015-01	331
https://i.imgur.com/2IaFGjE.jpg	2015-01	331
http://i.imgur.com/PoK5TCK.png	2015-04	330
https://i.imgur.com/JbyYMzP.gif	2015-05	322
http://i.imgur.com/PoK5TCK.png	2015-05	320
https://i.imgur.com/tkRPWeg.png	2015-02	313
http://i.imgur.com/sy9lVl4.jpg	2015-05	296
http://i.imgur.com/5iATpYO.png	2015-04	294
http://i.imgur.com/XS5LK.gif	2015-05	286
http://i.imgur.com/3EW3K02.png	2015-02	278
http://i.imgur.com/lSt7jSJ.gif	2015-04	269
http://i.imgur.com/Sizse7z.png	2015-05	265
http://i.imgur.com/cE8XG4o.gif	2015-02	252
http://i.imgur.com/XS5LK.gif	2015-03	252
http://i.imgur.com/2GyC9Iz.png	2015-05	251
http://i.imgur.com/OehnIyc.jpg	2015-01	250
http://i.imgur.com/Sizse7z.png	2015-04	249
http://i.imgur.com/S4byJD0.gif	2015-01	244
http://i.imgur.com/3EW3K02.png	2015-03	242
http://i.imgur.com/AsWs7Wa.gif	2015-01	240
http://i.imgur.com/XS5LK.gif	2015-01	237
http://i.imgur.com/7drHiqr.gif	2015-04	231
http://i.imgur.com/llA9lFd.png	2015-01	229
http://i.imgur.com/lIzWOsr.gif	2015-04	229
http://i.imgur.com/ZkCK6RY.jpg	2015-03	224
http://i.imgur.com/UGw2B1S.jpg	2015-01	224
http://i.imgur.com/5iATpYO.png	2015-05	222
http://i.imgur.com/7drHiqr.gif	2015-05	222
http://i.imgur.com/Sizse7z.png	2015-03	221
http://i.imgur.com/sy9lVl4.jpg	2015-03	220
http://i.imgur.com/tEjeMu8.jpg	2015-03	219
https://i.imgur.com/sLNxTgX.png	2015-05	217
http://i.imgur.com/Sizse7z.png	2015-01	211
http://i.imgur.com/nQabYuR.jpg	2015-01	211
http://i.imgur.com/JnOgHRe.gif	2015-05	209
http://i.imgur.com/Yo2AgV2.gif	2015-02	209
http://i.imgur.com/nqtbyhu.png	2015-01	209
http://i.imgur.com/OehnIyc.jpg	2015-02	206
http://i.imgur.com/XS5LK.gif	2015-04	203
http://i.imgur.com/sy9lVl4.jpg	2015-01	199
http://i.imgur.com/nqtbyhu.png	2015-02	198
http://i.imgur.com/cE8XG4o.gif	2015-03	198
http://i.imgur.com/llA9lFd.png	2015-02	197
http://i.imgur.com/Sizse7z.png	2015-02	194
http://i.imgur.com/UNHiheN.gif	2015-02	192
http://i.imgur.com/XS5LK.gif	2015-02	190
https://i.imgur.com/tkRPWeg.png	2015-01	187
http://i.imgur.com/MXUhE5b.jpg	2015-01	179
http://i.imgur.com/sy9lVl4.jpg	2015-02	178
http://i.imgur.com/3RF2RPI.jpg	2015-01	177
http://i.imgur.com/7drHiqr.gif	2015-03	175
http://i.imgur.com/Kvir9pe.gif	2015-01	174
http://i.imgur.com/Kvir9pe.gif	2015-05	173
http://i.imgur.com/EXuxcgN.gif	2015-04	171
http://i.imgur.com/fMTvqDI.gif	2015-02	169
http://i.imgur.com/trDS8zD.jpg	2015-02	166
https://www.battleforthenet.com/images/share_images/anigif.gif	2015-01	166
http://i.imgur.com/x66yhdz.jpg	2015-03	166
http://i.imgur.com/RLRyraL.gif	2015-02	165
http://i.imgur.com/Dm09Xz8.gif	2015-02	164
https://warosu.org/data/fa/img/0061/50/1368495112692.gif	2015-03	162
http://fat.gfycat.com/JoyousIdenticalFairybluebird.gif	2015-05	160
http://i.imgur.com/7drHiqr.gif	2015-01	157
http://i.imgur.com/F4absIE.jpg	2015-01	153
http://i.imgur.com/LYuByR5.png	2015-03	151
http://imgs.xkcd.com/comics/ten_thousand.png	2015-03	151
http://imgs.xkcd.com/comics/ten_thousand.png	2015-05	150
http://i.imgur.com/Jr1UN0d.jpg	2015-05	150
http://i.imgur.com/utGmE5d.jpg	2015-03	149
http://i.imgur.com/MXmFeZE.jpg	2015-04	148
http://i.imgur.com/2I5JlUK.jpg	2015-04	148
http://www.reactiongifs.us/wp-content/uploads/2014/03/stop_penis_erect_archer.gif	2015-03	148
http://imgs.xkcd.com/comics/ten_thousand.png	2015-01	147
http://www.reactiongifs.com/r/but-why.gif	2015-05	146
http://i.imgur.com/6k1ocIX.png	2015-02	145
http://i.imgur.com/axJmn.gif	2015-03	145
http://s9.postimg.org/m8wvag3ez/go9h1.jpg	2015-01	144
http://i.imgur.com/ZkCK6RY.jpg	2015-02	143
http://i.imgur.com/axJmn.gif	2015-04	143
http://i.imgur.com/Xy8dcp0.jpg	2015-05	143
http://i.imgur.com/TDIjSMO.jpg	2015-05	141
http://i.imgur.com/GLDW0VD.gif	2015-01	140
http://i.imgur.com/3RF2RPI.jpg	2015-03	139
http://i.imgur.com/091RYA3.gif	2015-02	139
http://i.imgur.com/GLDW0VD.gif	2015-05	138
http://i.imgur.com/4hgAaHm.gif	2015-05	136
http://i.imgur.com/2I5JlUK.jpg	2015-05	136
https://i.imgur.com/JbyYMzP.gif	2015-04	135
http://i.imgur.com/YwgbT16.gif	2015-03	134
http://i.imgur.com/himZD0M.gif	2015-04	133
http://i.imgur.com/EWoaw0F.png	2015-04	132
http://i.imgur.com/ZkCK6RY.jpg	2015-04	132
http://i.imgur.com/Hf1yqgr.gif	2015-04	132
http://i.imgur.com/3RF2RPI.jpg	2015-02	131
http://i.imgur.com/YwgbT16.gif	2015-01	130
http://i.imgur.com/tEWWTf9.gif	2015-05	130
http://i.imgur.com/7drHiqr.gif	2015-02	130
http://i.imgur.com/q9WUD55.jpg	2015-03	127
http://i.imgur.com/axJmn.gif	2015-05	127
http://i.imgur.com/nqtbyhu.png	2015-03	126
http://i.imgur.com/q9WUD55.jpg	2015-01	125
http://i.imgur.com/2I5JlUK.jpg	2015-02	125
http://imgs.xkcd.com/comics/ten_thousand.png	2015-02	124
http://imgs.xkcd.com/comics/ten_thousand.png	2015-04	124
http://i.imgur.com/YwgbT16.gif	2015-02	123
http://fat.gfycat.com/JoyousIdenticalFairybluebird.gif	2015-03	122
http://i.imgur.com/ZltCxaK.gif	2015-02	121
http://i.imgur.com/ZkCK6RY.jpg	2015-01	121
http://i.imgur.com/2I5JlUK.jpg	2015-03	120
http://www.reactiongifs.com/r/2013/06/I-dont-believe-you.gif	2015-02	120
http://www.reactiongifs.us/wp-content/uploads/2014/03/stop_penis_erect_archer.gif	2015-04	120
https://i.imgur.com/sLNxTgX.png	2015-04	119
http://www.reactiongifs.us/wp-content/uploads/2014/03/stop_penis_erect_archer.gif	2015-05	119
http://i.imgur.com/NQHKSVE.gif	2015-04	119
https://i.imgur.com/DgoiJZm.png	2015-02	118
http://i.imgur.com/SfnTx5d.jpg	2015-03	117
http://i.imgur.com/5SHJc67.png	2015-05	117
http://i.imgur.com/snLplqq.jpg	2015-05	116
http://i.imgur.com/udNtVPL.jpg	2015-01	116
http://i.imgur.com/nqtbyhu.png	2015-04	116
http://i.imgur.com/U7Ghu2s.gif	2015-05	115
http://i.imgur.com/wgvMZq5.png	2015-04	113
http://i.imgur.com/utGmE5d.jpg	2015-04	113
http://i.imgur.com/5SHJc67.png	2015-03	113
http://i.imgur.com/7QzwIWp.jpg](http://i.imgur.com/7QzwIWp.jpg	2015-01	112
http://i.imgur.com/Kvir9pe.gif	2015-04	112
http://i.imgur.com/Mpi2qdN.gif	2015-04	112
http://fat.gfycat.com/JoyousIdenticalFairybluebird.gif	2015-04	112
http://i.imgur.com/0X87Wmg.jpg	2015-05	111
http://i.imgur.com/5iATpYO.png	2015-03	111
http://i.imgur.com/XTTq08q.jpg	2015-02	111
http://i.imgur.com/axJmn.gif	2015-01	111
http://i.imgur.com/nEubnag.jpg	2015-05	110
http://i.imgur.com/Jr1UN0d.jpg	2015-04	109
http://i.imgur.com/YwgbT16.gif	2015-04	109
https://i.imgur.com/hsKC9O2.jpg	2015-03	109
http://i.imgur.com/g1oVoI4.gif	2015-01	108
http://i.imgur.com/BmXMbRW.jpg	2015-04	108
http://i.imgur.com/dFh59ft.jpg)\n\n##[***REEEEEEEEEEEEEEEEEEEEEEEEEEEEEEEEEEEEEEEEEEEEEEEEEEEEEEE***](http://i.imgur.com/dFh59ft.jpg)\n\n##[***REEEEEEEEEEEEEEEEEEEEEEEEEEEEEEEEEEEEEEEEEEEEEEEEEEEEEEE***](http://i.imgur.com/dFh59ft.jpg)\n\n##[***REEEEEEEEEEEEEEEEEEEEEEEEEEEEEEEEEEEEEEEEEEEEEEEEEEEEEEE***](http://i.imgur.com/dFh59ft.jpg)\n\n##[***REEEEEEEEEEEEEEEEEEEEEEEEEEEEEEEEEEEEEEEEEEEEEEEEEEEEEEE***](http://i.imgur.com/dFh59ft.jpg)\n\n##[***REEEEEEEEEEEEEEEEEEEEEEEEEEEEEEEEEEEEEEEEEEEEEEEEEEEEEEE***](http://i.imgur.com/dFh59ft.jpg)\n\n##[***REEEEEEEEEEEEEEEEEEEEEEEEEEEEEEEEEEEEEEEEEEEEEEEEEEEEEEE***](http://i.imgur.com/dFh59ft.jpg)\n\n##[***REEEEEEEEEEEEEEEEEEEEEEEEEEEEEEEEEEEEEEEEEEEEEEEEEEEEEEE***](http://i.imgur.com/dFh59ft.jpg)\n\n##[***REEEEEEEEEEEEEEEEEEEEEEEEEEEEEEEEEEEEEEEEEEEEEEEEEEEEEEE***](http://i.imgur.com/dFh59ft.jpg)\n\n##[***REEEEEEEEEEEEEEEEEEEEEEEEEEEEEEEEEEEEEEEEEEEEEEEEEEEEEEE***](http://i.imgur.com/dFh59ft.jpg)\n\n##[***REEEEEEEEEEEEEEEEEEEEEEEEEEEEEEEEEEEEEEEEEEEEEEEEEEEEEEE***](http://i.imgur.com/dFh59ft.jpg)\n\n##[***REEEEEEEEEEEEEEEEEEEEEEEEEEEEEEEEEEEEEEEEEEEEEEEEEEEEEEE***](http://i.imgur.com/dFh59ft.jpg)\n\n##[***REEEEEEEEEEEEEEEEEEEEEEEEEEEEEEEEEEEEEEEEEEEEEEEEEEEEEEE***](http://i.imgur.com/dFh59ft.jpg)\n\n##[***REEEEEEEEEEEEEEEEEEEEEEEEEEEEEEEEEEEEEEEEEEEEEEEEEEEEEEE***](http://i.imgur.com/dFh59ft.jpg)\n\n##[***REEEEEEEEEEEEEEEEEEEEEEEEEEEEEEEEEEEEEEEEEEEEEEEEEEEEEEE***](http://i.imgur.com/dFh59ft.jpg)\n\n##[***REEEEEEEEEEEEEEEEEEEEEEEEEEEEEEEEEEEEEEEEEEEEEEEEEEEEEEE***](http://i.imgur.com/dFh59ft.jpg)\n\n##[***REEEEEEEEEEEEEEEEEEEEEEEEEEEEEEEEEEEEEEEEEEEEEEEEEEEEEEE***](http://i.imgur.com/dFh59ft.jpg)\n\n##[***REEEEEEEEEEEEEEEEEEEEEEEEEEEEEEEEEEEEEEEEEEEEEEEEEEEEEEE***](http://i.imgur.com/dFh59ft.jpg)\n\n##[***REEEEEEEEEEEEEEEEEEEEEEEEEEEEEEEEEEEEEEEEEEEEEEEEEEEEEEE***](http://i.imgur.com/dFh59ft.jpg)\n\n##[***REEEEEEEEEEEEEEEEEEEEEEEEEEEEEEEEEEEEEEEEEEEEEEEEEEEEEEE***](http://i.imgur.com/dFh59ft.jpg)\n\n##[***REEEEEEEEEEEEEEEEEEEEEEEEEEEEEEEEEEEEEEEEEEEEEEEEEEEEEEE***](http://i.imgur.com/dFh59ft.jpg)\n\n##[***REEEEEEEEEEEEEEEEEEEEEEEEEEEEEEEEEEEEEEEEEEEEEEEEEEEEEEE***](http://i.imgur.com/dFh59ft.jpg)\n\n##[***REEEEEEEEEEEEEEEEEEEEEEEEEEEEEEEEEEEEEEEEEEEEEEEEEEEEEEE***](http://i.imgur.com/dFh59ft.jpg)\n\n##[***REEEEEEEEEEEEEEEEEEEEEEEEEEEEEEEEEEEEEEEEEEEEEEEEEEEEEEE***](http://i.imgur.com/dFh59ft.jpg)\n\n##[***REEEEEEEEEEEEEEEEEEEEEEEEEEEEEEEEEEEEEEEEEEEEEEEEEEEEEEE***](http://i.imgur.com/dFh59ft.jpg)\n\n##[***REEEEEEEEEEEEEEEEEEEEEEEEEEEEEEEEEEEEEEEEEEEEEEEEEEEEEEE***](http://i.imgur.com/dFh59ft.jpg)\n\n##[***REEEEEEEEEEEEEEEEEEEEEEEEEEEEEEEEEEEEEEEEEEEEEEEEEEEEEEE***](http://i.imgur.com/dFh59ft.jpg)\n\n##[***REEEEEEEEEEEEEEEEEEEEEEEEEEEEEEEEEEEEEEEEEEEEEEEEEEEEEEE***](http://i.imgur.com/dFh59ft.jpg)\n\n##[***REEEEEEEEEEEEEEEEEEEEEEEEEEEEEEEEEEEEEEEEEEEEEEEEEEEEEEE***](http://i.imgur.com/dFh59ft.jpg)\n\n##[***REEEEEEEEEEEEEEEEEEEEEEEEEEEEEEEEEEEEEEEEEEEEEEEEEEEEEEE***](http://i.imgur.com/dFh59ft.jpg)\n\n##[***REEEEEEEEEEEEEEEEEEEEEEEEEEEEEEEEEEEEEEEEEEEEEEEEEEEEEEE***](http://i.imgur.com/dFh59ft.jpg)\n\n##[***REEEEEEEEEEEEEEEEEEEEEEEEEEEEEEEEEEEEEEEEEEEEEEEEEEEEEEE***](http://i.imgur.com/dFh59ft.jpg)\n\n##[***REEEEEEEEEEEEEEEEEEEEEEEEEEEEEEEEEEEEEEEEEEEEEEEEEEEEEEE***](http://i.imgur.com/dFh59ft.jpg)\n\n##[***REEEEEEEEEEEEEEEEEEEEEEEEEEEEEEEEEEEEEEEEEEEEEEEEEEEEEEE***](http://i.imgur.com/dFh59ft.jpg)\n\n##[***REEEEEEEEEEEEEEEEEEEEEEEEEEEEEEEEEEEEEEEEEEEEEEEEEEEEEEE***](http://i.imgur.com/dFh59ft.jpg)\n\n##[***REEEEEEEEEEEEEEEEEEEEEEEEEEEEEEEEEEEEEEEEEEEEEEEEEEEEEEE***](http://i.imgur.com/dFh59ft.jpg)\n\n##[***REEEEEEEEEEEEEEEEEEEEEEEEEEEEEEEEEEEEEEEEEEEEEEEEEEEEEEE***](http://i.imgur.com/dFh59ft.jpg)\n\n##[***REEEEEEEEEEEEEEEEEEEEEEEEEEEEEEEEEEEEEEEEEEEEEEEEEEEEEEE***](http://i.imgur.com/dFh59ft.jpg)\n\n##[***REEEEEEEEEEEEEEEEEEEEEEEEEEEEEEEEEEEEEEEEEEEEEEEEEEEEEEE***](http://i.imgur.com/dFh59ft.jpg)\n\n##[***REEEEEEEEEEEEEEEEEEEEEEEEEEEEEEEEEEEEEEEEEEEEEEEEEEEEEEE***](http://i.imgur.com/dFh59ft.jpg)\n\n##[***REEEEEEEEEEEEEEEEEEEEEEEEEEEEEEEEEEEEEEEEEEEEEEEEEEEEEEE***](http://i.imgur.com/dFh59ft.jpg)\n\n##[***REEEEEEEEEEEEEEEEEEEEEEEEEEEEEEEEEEEEEEEEEEEEEEEEEEEEEEE***](http://i.imgur.com/dFh59ft.jpg)\n\n##[***REEEEEEEEEEEEEEEEEEEEEEEEEEEEEEEEEEEEEEEEEEEEEEEEEEEEEEE***](http://i.imgur.com/dFh59ft.jpg)\n\n##[***REEEEEEEEEEEEEEEEEEEEEEEEEEEEEEEEEEEEEEEEEEEEEEEEEEEEEEE***](http://i.imgur.com/dFh59ft.jpg)\n\n##[***REEEEEEEEEEEEEEEEEEEEEEEEEEEEEEEEEEEEEEEEEEEEEEEEEEEEEEE***](http://i.imgur.com/dFh59ft.jpg)\n\n##[***REEEEEEEEEEEEEEEEEEEEEEEEEEEEEEEEEEEEEEEEEEEEEEEEEEEEEEE***](http://i.imgur.com/dFh59ft.jpg)\n\n##[***REEEEEEEEEEEEEEEEEEEEEEEEEEEEEEEEEEEEEEEEEEEEEEEEEEEEEEE***](http://i.imgur.com/dFh59ft.jpg)\n\n##[***REEEEEEEEEEEEEEEEEEEEEEEEEEEEEEEEEEEEEEEEEEEEEEEEEEEEEEE***](http://i.imgur.com/dFh59ft.jpg)\n\n##[***REEEEEEEEEEEEEEEEEEEEEEEEEEEEEEEEEEEEEEEEEEEEEEEEEEEEEEE***](http://i.imgur.com/dFh59ft.jpg)\n\n##[***REEEEEEEEEEEEEEEEEEEEEEEEEEEEEEEEEEEEEEEEEEEEEEEEEEEEEEE***](http://i.imgur.com/dFh59ft.jpg)\n\n##[***REEEEEEEEEEEEEEEEEEEEEEEEEEEEEEEEEEEEEEEEEEEEEEEEEEEEEEE***](http://i.imgur.com/dFh59ft.jpg)\n\n##[***REEEEEEEEEEEEEEEEEEEEEEEEEEEEEEEEEEEEEEEEEEEEEEEEEEEEEEE***](http://i.imgur.com/dFh59ft.jpg)\n\n##[***REEEEEEEEEEEEEEEEEEEEEEEEEEEEEEEEEEEEEEEEEEEEEEEEEEEEEEE***](http://i.imgur.com/dFh59ft.jpg)\n\n##[***REEEEEEEEEEEEEEEEEEEEEEEEEEEEEEEEEEEEEEEEEEEEEEEEEEEEEEE***](http://i.imgur.com/dFh59ft.jpg)\n\n##[***REEEEEEEEEEEEEEEEEEEEEEEEEEEEEEEEEEEEEEEEEEEEEEEEEEEEEEE***](http://i.imgur.com/dFh59ft.jpg)\n\n##[***REEEEEEEEEEEEEEEEEEEEEEEEEEEEEEEEEEEEEEEEEEEEEEEEEEEEEEE***](http://i.imgur.com/dFh59ft.jpg)\n\n##[***REEEEEEEEEEEEEEEEEEEEEEEEEEEEEEEEEEEEEEEEEEEEEEEEEEEEEEE***](http://i.imgur.com/dFh59ft.jpg)\n\n##[***REEEEEEEEEEEEEEEEEEEEEEEEEEEEEEEEEEEEEEEEEEEEEEEEEEEEEEE***](http://i.imgur.com/dFh59ft.jpg)\n\n##[***REEEEEEEEEEEEEEEEEEEEEEEEEEEEEEEEEEEEEEEEEEEEEEEEEEEEEEE***](http://i.imgur.com/dFh59ft.jpg)\n\n##[***REEEEEEEEEEEEEEEEEEEEEEEEEEEEEEEEEEEEEEEEEEEEEEEEEEEEEEE***](http://i.imgur.com/dFh59ft.jpg)\n\n##[***REEEEEEEEEEEEEEEEEEEEEEEEEEEEEEEEEEEEEEEEEEEEEEEEEEEEEEE***](http://i.imgur.com/dFh59ft.jpg)\n\n##[***REEEEEEEEEEEEEEEEEEEEEEEEEEEEEEEEEEEEEEEEEEEEEEEEEEEEEEE***](http://i.imgur.com/dFh59ft.jpg)\n\n##[***REEEEEEEEEEEEEEEEEEEEEEEEEEEEEEEEEEEEEEEEEEEEEEEEEEEEEEE***](http://i.imgur.com/dFh59ft.jpg)\n\n##[***REEEEEEEEEEEEEEEEEEEEEEEEEEEEEEEEEEEEEEEEEEEEEEEEEEEEEEE***](http://i.imgur.com/dFh59ft.jpg)\n\n##[***REEEEEEEEEEEEEEEEEEEEEEEEEEEEEEEEEEEEEEEEEEEEEEEEEEEEEEE***](http://i.imgur.com/dFh59ft.jpg)\n\n##[***REEEEEEEEEEEEEEEEEEEEEEEEEEEEEEEEEEEEEEEEEEEEEEEEEEEEEEE***](http://i.imgur.com/dFh59ft.jpg)\n\n##[***REEEEEEEEEEEEEEEEEEEEEEEEEEEEEEEEEEEEEEEEEEEEEEEEEEEEEEE***](http://i.imgur.com/dFh59ft.jpg)\n\n##[***REEEEEEEEEEEEEEEEEEEEEEEEEEEEEEEEEEEEEEEEEEEEEEEEEEEEEEE***](http://i.imgur.com/dFh59ft.jpg)\n\n##[***REEEEEEEEEEEEEEEEEEEEEEEEEEEEEEEEEEEEEEEEEEEEEEEEEEEEEEE***](http://i.imgur.com/dFh59ft.jpg)\n\n##[***REEEEEEEEEEEEEEEEEEEEEEEEEEEEEEEEEEEEEEEEEEEEEEEEEEEEEEE***](http://i.imgur.com/dFh59ft.jpg)\n\n##[***REEEEEEEEEEEEEEEEEEEEEEEEEEEEEEEEEEEEEEEEEEEEEEEEEEEEEEE***](http://i.imgur.com/dFh59ft.jpg)\n\n##[***REEEEEEEEEEEEEEEEEEEEEEEEEEEEEEEEEEEEEEEEEEEEEEEEEEEEEEE***](http://i.imgur.com/dFh59ft.jpg)\n\n##[***REEEEEEEEEEEEEEEEEEEEEEEEEEEEEEEEEEEEEEEEEEEEEEEEEEEEEEE***](http://i.imgur.com/dFh59ft.jpg)\n\n##[***REEEEEEEEEEEEEEEEEEEEEEEEEEEEEEEEEEEEEEEEEEEEEEEEEEEEEEE***](http://i.imgur.com/dFh59ft.jpg)\n\n##[***REEEEEEEEEEEEEEEEEEEEEEEEEEEEEEEEEEEEEEEEEEEEEEEEEEEEEEE***](http://i.imgur.com/dFh59ft.jpg)\n\n##[***REEEEEEEEEEEEEEEEEEEEEEEEEEEEEEEEEEEEEEEEEEEEEEEEEEEEEEE***](http://i.imgur.com/dFh59ft.jpg)\n\n##[***REEEEEEEEEEEEEEEEEEEEEEEEEEEEEEEEEEEEEEEEEEEEEEEEEEEEEEE***](http://i.imgur.com/dFh59ft.jpg)\n\n##[***REEEEEEEEEEEEEEEEEEEEEEEEEEEEEEEEEEEEEEEEEEEEEEEEEEEEEEE***](http://i.imgur.com/dFh59ft.jpg)\n\n##[***REEEEEEEEEEEEEEEEEEEEEEEEEEEEEEEEEEEEEEEEEEEEEEEEEEEEEEE***](http://i.imgur.com/dFh59ft.jpg)\n\n##[***REEEEEEEEEEEEEEEEEEEEEEEEEEEEEEEEEEEEEEEEEEEEEEEEEEEEEEE***](http://i.imgur.com/dFh59ft.jpg	2015-05	108
http://i.imgur.com/ZycoUDP.jpg	2015-02	108
http://i.imgur.com/nQabYuR.jpg	2015-05	108
http://i.imgur.com/XpIUkBp.png	2015-01	108
http://i.imgur.com/Hf1yqgr.gif	2015-05	107
http://www.reactiongifs.us/wp-content/uploads/2014/03/stop_penis_erect_archer.gif	2015-01	106
http://i0.kym-cdn.com/photos/images/newsfeed/000/173/576/Wat8.jpg	2015-03	106
http://i.imgur.com/xUmvEeM.gif	2015-02	106
http://i.imgur.com/ZkCK6RY.jpg	2015-05	106
http://i.imgur.com/nQabYuR.jpg	2015-03	106
http://i.imgur.com/Hf1yqgr.gif	2015-02	106
http://i.imgur.com/nO9akg4.gif	2015-03	105
http://i.imgur.com/Od7Cam6.jpg	2015-03	105
http://i.imgur.com/udNtVPL.jpg	2015-02	104
http://i.imgur.com/NOECI0s.gif	2015-04	102
http://i.imgur.com/Hf1yqgr.gif	2015-01	102
http://www.reactiongifs.us/wp-content/uploads/2014/03/stop_penis_erect_archer.gif	2015-02	101
http://i.imgur.com/q9WUD55.jpg	2015-02	101
http://i.imgur.com/OehnIyc.jpg	2015-03	101
http://i.imgur.com/F636xiP.gif	2015-03	100
http://i.imgur.com/yOdQrGx.gif	2015-04	100
http://i.imgur.com/U7Ghu2s.gif	2015-04	100
http://i.imgur.com/9YrGE2e.png	2015-02	100
http://i.imgur.com/ZycoUDP.jpg	2015-01	99
http://i.imgur.com/5iATpYO.png	2015-02	99
http://i0.kym-cdn.com/photos/images/newsfeed/000/173/576/Wat8.jpg	2015-01	99
http://i0.kym-cdn.com/photos/images/newsfeed/000/173/576/Wat8.jpg	2015-04	99
http://i.imgur.com/himZD0M.gif	2015-03	98
http://i.imgur.com/5SHJc67.png	2015-01	98
http://getdotastats.com/sig/28755155.png	2015-01	98
http://i.imgur.com/iAXt1aD.gif	2015-04	98
http://i.imgur.com/axJmn.gif	2015-02	98
http://i.imgur.com/c7NJRa2.gif	2015-05	97
http://i.imgur.com/8TWMkCZ.png	2015-05	97
http://i.imgur.com/PLTZJRh.gif	2015-04	97
http://i.lvme.me/v8ccqht.jpg	2015-01	97
http://i.imgur.com/Kvir9pe.gif	2015-02	96
http://i.imgur.com/nEubnag.jpg	2015-04	96
http://i.imgur.com/Y9o0p.png	2015-02	96
http://i.imgur.com/Xy8dcp0.jpg	2015-04	95
http://www.reactiongifs.com/r/2013/06/I-dont-believe-you.gif	2015-04	95
https://cs7052.vk.me/c540106/v540106129/55ba9/2k5xfD3EqXI.jpg	2015-04	95
http://i.imgur.com/7hdGJVp.png	2015-05	95
http://i.imgur.com/nJnOgo4.gif	2015-04	94
http://i.imgur.com/YwgbT16.gif	2015-05	93
http://i.imgur.com/mSsfXFz.jpg	2015-02	93
http://i0.kym-cdn.com/photos/images/newsfeed/000/173/576/Wat8.jpg	2015-02	93
http://i.imgur.com/vncZ8J3.gif	2015-05	93
http://i.imgur.com/LM9Iudj.jpg	2015-05	93
http://i.imgur.com/seh6p.gif	2015-03	92
http://i.imgur.com/NOECI0s.gif	2015-01	92
http://i.imgur.com/BqA8GVD.gif	2015-02	91
http://i.imgur.com/tJaBJjl.gif	2015-01	90
http://i.imgur.com/GLDW0VD.gif	2015-02	90
http://i.imgur.com/pfOzN4j.png	2015-05	90
http://i.imgur.com/40Idny0.png	2015-05	90
http://i.imgur.com/S4byJD0.gif	2015-02	90
http://www.reactiongifs.com/r/2013/06/I-dont-believe-you.gif	2015-01	89
http://i.imgur.com/himZD0M.gif	2015-05	88
http://i.imgur.com/tTc9cKQ.gif	2015-05	88
http://i.imgur.com/3OuqnR6.gif	2015-05	88
http://i.imgur.com/2GyC9Iz.png	2015-04	88
http://i.imgur.com/utGmE5d.jpg	2015-05	87
https://i.imgur.com/WRkCrvL.png	2015-02	87
http://i.imgur.com/z9csBvN.jpg	2015-04	87
http://i.imgur.com/5SHJc67.png	2015-04	87
http://i.imgur.com/5RWL9Z3.png	2015-04	86
https://i.imgur.com/hsKC9O2.jpg	2015-01	86
http://i.imgur.com/En0bVmH.png	2015-05	86
http://i.imgur.com/NOECI0s.gif	2015-02	86
http://i.imgur.com/xXSmjTh.jpg	2015-01	86
http://i.imgur.com/VQLGJOL.gif	2015-05	85
http://i.imgur.com/VQLGJOL.gif	2015-04	85
http://i.imgur.com/tkRPWeg.png	2015-02	85
http://i.imgur.com/3EW3K02.png	2015-04	85
http://i.imgur.com/Sc65jHO.png	2015-02	85
http://i.imgur.com/himZD0M.gif	2015-02	85
http://i.imgur.com/vncZ8J3.gif	2015-03	84
http://puu.sh/fHVBn/34e3d1d4fd.jpg	2015-01	83
http://imgs.xkcd.com/comics/free_speech.png	2015-01	83
http://a.pomf.se/mjhhvz.jpg	2015-04	83
http://i.imgur.com/VWvXJiT.gif	2015-02	83
http://i.imgur.com/NQHKSVE.gif	2015-05	82
http://i.imgur.com/BbgL7x3.gif	2015-05	82
http://i.imgur.com/xLnNO6r.png	2015-03	82
http://i.imgur.com/eG4DFwo.jpg	2015-05	82
http://i.imgur.com/kitYJCd.gif	2015-01	82
http://i.imgur.com/IW8simF.gif	2015-03	82
http://i.imgur.com/z9XeBFN.gif	2015-02	81
http://i.imgur.com/j4I1drJ.png	2015-04	81
http://i.imgur.com/4COf8hf.gif	2015-05	81
http://i.imgur.com/QAKFpPF.gif	2015-04	81
http://i.imgur.com/3EuTiC0.png	2015-02	81
http://i.imgur.com/0Ug1jtU.jpg	2015-03	81
http://i.imgur.com/tEWWTf9.gif	2015-03	80
http://www.reactiongifs.com/r/2011/09/mind_blown.gif	2015-03	80
http://i.imgur.com/NQHKSVE.gif	2015-03	80
http://i.imgur.com/wgvMZq5.png	2015-05	80
http://i.imgur.com/NnoGhN1.gif	2015-04	80
http://www.reactiongifs.com/r/2013/06/I-dont-believe-you.gif	2015-03	80
http://www.reactiongifs.com/r/2013/06/I-dont-believe-you.gif	2015-05	80
http://i.imgur.com/VQLGJOL.gif	2015-02	80
http://i.imgur.com/NOECI0s.gif	2015-03	79
http://www.reactiongifs.com/r/2011/09/mind_blown.gif	2015-01	79
http://i.imgur.com/7oWF6Sl.jpg	2015-03	79
http://i.imgur.com/AdiBPrO.jpg	2015-03	79
http://i.imgur.com/40Idny0.png	2015-01	79
http://i.imgur.com/j4KKzCc.jpg	2015-01	79
http://i.imgur.com/IW8simF.gif	2015-02	79
http://i.imgur.com/bnWmD60.png	2015-01	78
http://i.imgur.com/4hgAaHm.gif	2015-03	78
http://i.imgur.com/q5zjL2i.jpg	2015-02	78
http://i.imgur.com/nQabYuR.jpg	2015-04	78
http://i.imgur.com/iYZM3QR.gif	2015-05	78
http://i.imgur.com/GLDW0VD.gif	2015-03	78
http://i.imgur.com/LM9Iudj.jpg	2015-04	78
http://i.imgur.com/PLTZJRh.gif	2015-03	77
http://i.imgur.com/dhMeAzK.gif	2015-04	77
http://i.imgur.com/ZltCxaK.gif	2015-01	77
http://i.imgur.com/nQabYuR.jpg	2015-02	77
http://i.imgur.com/5iATpYO.png	2015-01	77
http://getdotastats.com/sig/28755155.png	2015-03	77
http://i.imgur.com/V3kqntF.gif	2015-03	76
http://i.imgur.com/GLDW0VD.gif	2015-04	76
http://i.imgur.com/c7NJRa2.gif	2015-04	76
http://i.imgur.com/lIzWOsr.gif	2015-05	76
http://i.imgur.com/Kvir9pe.gif	2015-03	76
http://i.imgur.com/j4KKzCc.jpg	2015-02	76
https://i.imgur.com/DgoiJZm.png	2015-01	76
http://i.imgur.com/6k1ocIX.png	2015-01	76
https://i.imgur.com/DgoiJZm.png	2015-03	76
http://i.imgur.com/f9FW2.gif	2015-03	76
http://i.imgur.com/LM9Iudj.jpg	2015-01	75
http://i.imgur.com/c7NJRa2.gif	2015-01	75
http://getdotastats.com/sig/28755155.png	2015-02	75
http://i.imgur.com/snLplqq.jpg	2015-04	75
http://i.imgur.com/Hf1yqgr.gif	2015-03	74
http://i.imgur.com/vB9B5.gif	2015-04	74
http://i.lvme.me/v8ccqht.jpg	2015-02	74
http://ami.animecharactersdatabase.com/uploads/chars/11518-707468209.png	2015-01	74
http://i.imgur.com/J03PJPB.gif	2015-03	74
http://i.imgur.com/F636xiP.gif	2015-04	74
http://imgs.xkcd.com/comics/dress_color.png	2015-02	74
http://i.imgur.com/3RF2RPI.jpg	2015-04	74
http://i.imgur.com/J9oGlwc.png	2015-01	73
http://a.pomf.se/mjhhvz.jpg	2015-05	73
http://i.imgur.com/NQHKSVE.gif	2015-01	73
http://i.imgur.com/vncZ8J3.gif	2015-01	72
http://i.imgur.com/Xx2AM2h.gif	2015-04	72
http://i.imgur.com/IW8simF.gif	2015-04	72
http://i.imgur.com/VQLGJOL.gif	2015-01	71
http://i.imgur.com/WMDprhm.jpg	2015-05	71
http://i.imgur.com/snLplqq.jpg	2015-03	71
http://i.imgur.com/IwK5sDa.gif	2015-05	70
http://i.imgur.com/etjgJ2D.jpg	2015-03	70
http://i.imgur.com/lSt7jSJ.gif	2015-05	70
http://i.imgur.com/QHh7vhE.gif	2015-05	70
http://imgs.xkcd.com/comics/hyphen.jpg	2015-05	70
http://i.imgur.com/NOECI0s.gif	2015-05	70
http://i.imgur.com/fyFYnIU.png	2015-05	70
http://i.imgur.com/hUNAo.jpg	2015-05	69
http://i.imgur.com/j4I1drJ.png	2015-03	69
http://i.imgur.com/seh6p.gif	2015-04	69
http://4.bp.blogspot.com/_D_Z-D2tzi14/S8TRIo4br3I/AAAAAAAACv4/Zh7_GcMlRKo/s400/ALOT.png	2015-01	69
http://i.imgur.com/LM9Iudj.jpg	2015-02	68
http://i.imgur.com/dhMeAzK.gif	2015-05	68
http://i.imgur.com/U7Ghu2s.gif	2015-03	68
http://i.imgur.com/GfJNU68.gif	2015-04	68
http://i.imgur.com/IW8simF.gif	2015-01	67
http://i.imgur.com/seh6p.gif	2015-05	67
http://i.imgur.com/c7NJRa2.gif	2015-02	67
http://i.imgur.com/himZD0M.gif	2015-01	67
http://i.imgur.com/mmHfYL9.jpg	2015-01	67
http://i.imgur.com/f9FW2.gif	2015-05	67
http://i.imgur.com/QodSEnD.jpg	2015-05	66
http://i.imgur.com/IwK5sDa.gif	2015-03	66
http://i.imgur.com/tEWWTf9.gif	2015-04	66
http://i.imgur.com/xKLNA7f.png	2015-05	66
http://i.lvme.me/v8ccqht.jpg	2015-03	66
http://i.imgur.com/dhMeAzK.gif	2015-03	66
http://i.imgur.com/vncZ8J3.gif	2015-02	66
http://imgs.xkcd.com/comics/duty_calls.png	2015-03	66
http://i.imgur.com/vncZ8J3.gif	2015-04	65
http://i.imgur.com/hUNAo.jpg	2015-03	65
http://i.imgur.com/5SHJc67.png	2015-02	65
http://i.imgur.com/fU8y0My.png	2015-04	65
http://media.giphy.com/media/EldfH1VJdbrwY/giphy.gif	2015-04	65
http://imgs.xkcd.com/comics/duty_calls.png	2015-05	65
http://i.imgur.com/WLndICy.jpg	2015-03	64
http://i.imgur.com/WMDprhm.jpg	2015-03	64
http://i.imgur.com/F636xiP.gif	2015-01	64
http://imgs.xkcd.com/comics/free_speech.png	2015-03	64
http://imgs.xkcd.com/comics/duty_calls.png	2015-02	64
https://i.imgur.com/sLNxTgX.png	2015-03	64
http://i.imgur.com/87xJpu2.jpg	2015-04	63
http://i.imgur.com/RG0BS1U.gif	2015-05	63
http://i.imgur.com/9T1kgIr.gif	2015-03	63
http://i.imgur.com/9E84BUk.png	2015-01	63
http://i.imgur.com/FKs9uVI.png	2015-03	63
http://i.imgur.com/40Idny0.png	2015-04	63
http://i.imgur.com/DwaKp5I.gif	2015-02	63
http://i.imgur.com/AdiBPrO.jpg	2015-04	63
http://i.imgur.com/ZhEpfb3.jpg	2015-02	63
http://i.imgur.com/F636xiP.gif	2015-05	63
http://i.imgur.com/dhMeAzK.gif	2015-02	63
https://38.media.tumblr.com/457bf8522f1479bb8691d2b52764b311/tumblr_na1onaJoum1tgntuvo1_500.gif	2015-05	63
http://i.imgur.com/c7NJRa2.gif	2015-03	63
http://i.imgur.com/IW8simF.gif	2015-05	62
http://i.imgur.com/FYknM2r.jpg	2015-03	62
http://imgs.xkcd.com/comics/hyphen.jpg	2015-03	62
http://i.imgur.com/F636xiP.gif	2015-02	62
http://i.imgur.com/trDS8zD.jpg	2015-01	62
http://i.imgur.com/3OuqnR6.gif	2015-04	62
http://i.imgur.com/v1YWS7p.png	2015-01	62
http://puu.sh/fHVBn/34e3d1d4fd.jpg	2015-02	62
http://i.imgur.com/xXSmjTh.jpg	2015-02	62
http://i.imgur.com/seh6p.gif	2015-02	62
http://i.imgur.com/w0zkcgd.gif	2015-03	61
http://i.imgur.com/Xx2AM2h.gif	2015-02	61
http://img.pandawhale.com/83411-I-understood-that-reference-gi-6jlf.gif	2015-04	61
http://i.imgur.com/x307DTk.png	2015-05	61
http://4.bp.blogspot.com/_D_Z-D2tzi14/S8TRIo4br3I/AAAAAAAACv4/Zh7_GcMlRKo/s400/ALOT.png	2015-02	61
http://i.imgur.com/xgz9nkR.gif	2015-03	61
http://i.imgur.com/NQHKSVE.gif	2015-02	61
http://www.reactiongifs.com/wp-content/uploads/2013/06/I-dont-believe-you.gif	2015-05	61
http://i.imgur.com/vwMin.gif	2015-03	60
http://i.imgur.com/Pc6Nj1E.gif	2015-01	60
http://i.imgur.com/4gT38fN.jpg	2015-05	60
http://i.imgur.com/RG0BS1U.gif	2015-04	60
http://i.imgur.com/f9FW2.gif	2015-02	60
http://i.imgur.com/xgz9nkR.gif	2015-05	60
http://i.imgur.com/Xx2AM2h.gif	2015-03	60
http://i.imgur.com/NnNy25V.jpg	2015-04	59
http://i.imgur.com/WMDprhm.jpg	2015-01	59
http://imgs.xkcd.com/comics/standards.png	2015-03	59
http://i.imgur.com/nqtbyhu.png	2015-05	59
http://i.imgur.com/mHcSGoU.gif	2015-01	59
http://awesomegifs.com/wp-content/uploads/dead-horse.gif	2015-01	59
http://i.imgur.com/vwMin.gif	2015-02	59
http://i.imgur.com/MSqG1kB.jpg	2015-04	59
http://i.imgur.com/seh6p.gif	2015-01	59
http://i.imgur.com/AdiBPrO.jpg	2015-05	58
http://www.reactiongifs.com/wp-content/uploads/2013/06/I-dont-believe-you.gif	2015-03	58
http://i.imgur.com/7oWF6Sl.jpg	2015-04	58
http://i.imgur.com/4hgAaHm.gif	2015-04	58
http://i.imgur.com/wjANVCD.jpg	2015-03	58
http://i.imgur.com/edKPlSO.jpg	2015-02	58
http://i.imgur.com/oeeLmWg.jpg	2015-03	57
http://i.imgur.com/IwK5sDa.gif	2015-04	57
http://i.imgur.com/tJaBJjl.gif	2015-05	57
https://31.media.tumblr.com/4f63914cebb691eb91a5e0d23a0c4088/tumblr_inline_ndqc17q6TM1sqqavy.jpg	2015-04	57
http://i.imgur.com/B3CkkTq.png	2015-01	57
http://www.reactiongifs.com/wp-content/uploads/2013/06/I-dont-believe-you.gif	2015-04	57
http://i.imgur.com/40Idny0.png	2015-02	57
http://i.imgur.com/W0QgS4N.png	2015-05	57
http://i.imgur.com/VXarY2M.jpg	2015-05	57
http://i.imgur.com/87xJpu2.jpg	2015-03	57
http://www.reactiongifs.com/wp-content/uploads/2013/06/I-dont-believe-you.gif	2015-02	57
http://i.imgur.com/wjANVCD.jpg	2015-04	57
http://i.imgur.com/9vzYQwj.jpg	2015-03	57
http://i.imgur.com/LsHpV16.gif	2015-04	56
http://i.imgur.com/VQLGJOL.gif	2015-03	56
http://i.imgur.com/tJaBJjl.gif	2015-03	56
http://i.imgur.com/nJnOgo4.gif	2015-03	56
http://i.imgur.com/meftV0q.gif	2015-03	56
http://i.imgur.com/NQ0sMcE.jpg	2015-05	56
http://www.reactiongifs.com/r/2011/09/mind_blown.gif	2015-02	56
https://pbs.twimg.com/media/CDiu_6_W8AAt0wM.jpg	2015-04	56
http://awesomegifs.com/wp-content/uploads/dead-horse.gif	2015-03	56
http://i.imgur.com/40Idny0.png	2015-03	56
http://i2.kym-cdn.com/photos/images/original/000/030/661/rules_of_the_internet_v2.gif	2015-04	56
https://www.reddit.com/user/nofunallowed98765/)[.](https://i.imgur.com/L67V6H4.gif	2015-04	56
http://i.imgur.com/MNKOY1M.gif	2015-02	56
http://i.lvme.me/v8ccqht.jpg	2015-04	56
http://i.imgur.com/NnoGhN1.gif	2015-03	55
http://i.imgur.com/tZOS8.gif	2015-01	55
http://i.imgur.com/f9FW2.gif	2015-04	55
http://i.imgur.com/PtUZkht.jpg	2015-02	55
http://i.imgur.com/91sn32Q.jpg	2015-04	55
http://i.imgur.com/3M9fQ.jpg	2015-05	55
http://i.imgur.com/7CZby9V.gif	2015-02	55
http://i.imgur.com/AdiBPrO.jpg	2015-02	55
http://i.imgur.com/jrhY2IW.gif	2015-01	55
http://i.imgur.com/hUNAo.jpg	2015-04	55
http://i.imgur.com/c2806ob.gif	2015-02	55
http://replygif.net/i/166.gif	2015-01	55
http://m.memegen.com/33k5a7.jpg	2015-02	55
http://media.giphy.com/media/12XMGIWtrHBl5e/giphy.gif	2015-05	54
http://i.imgur.com/BbgL7x3.gif	2015-04	54
http://i.imgur.com/aj1iVum.jpg	2015-02	54
http://i.imgur.com/NQ0sMcE.jpg	2015-03	54
http://i.imgur.com/EWoaw0F.png	2015-05	54
http://awesomegifs.com/wp-content/uploads/dead-horse.gif	2015-04	54
http://i.imgur.com/EbjinAl.png	2015-03	54
http://i.imgur.com/NnoGhN1.gif	2015-05	54
http://media.giphy.com/media/12XMGIWtrHBl5e/giphy.gif	2015-03	54
http://www.outrightusa.org/joomla25/images/images/57237343.jpg	2015-04	53
http://i.imgur.com/BkGrToc.gif	2015-02	53
http://i.imgur.com/MlHm0Zg.gif	2015-05	53
http://awesomegifs.com/wp-content/uploads/dead-horse.gif	2015-05	53
http://i.imgur.com/SdtRC86.gif	2015-04	53
http://i.imgur.com/qx84JEC.jpg	2015-05	53
http://i.imgur.com/bnWmD60.png	2015-02	53
http://i.imgur.com/NQ0sMcE.jpg	2015-04	53
http://38.media.tumblr.com/80386e31b3c4de395695ed6985c808b8/tumblr_n7rf6oJFqr1qgmwxyo1_500.gif	2015-05	53
http://i.imgur.com/IwK5sDa.gif	2015-02	53
http://www.reactiongifs.com/r/2013/10/tim-and-eric-mind-blown.gif	2015-04	53
http://i.imgur.com/meftV0q.gif	2015-02	53
http://i.ytimg.com/vi/qM9O-7bHJjs/maxresdefault.jpg	2015-03	53
http://i.imgur.com/fOueXHQ.png	2015-05	53
http://media0.giphy.com/media/rl0FOxdz7CcxO/giphy.gif	2015-02	52
http://i.imgur.com/cE8XG4o.gif	2015-04	52
http://www.outrightusa.org/joomla25/images/images/57237343.jpg	2015-05	52
http://i.imgur.com/WDhkeUt.gif	2015-04	52
http://i.imgur.com/RspJyHy.gif	2015-01	52
http://i.lvme.me/v8ccqht.jpg	2015-05	52
https://i.imgur.com/mwVW2Lh.gif	2015-04	52
https://thingiverse-production.s3.amazonaws.com/renders/e9/2b/ab/17/39/reddit-silver-medal-meme_preview_card.jpg	2015-04	52
http://i.imgur.com/6yUzTmp.jpg	2015-01	52
http://imgs.xkcd.com/comics/hyphen.jpg	2015-01	52
http://i.imgur.com/s7yn7DR.jpg	2015-05	51
http://imgs.xkcd.com/comics/standards.png	2015-04	51
http://puu.sh/falYl/c78782f170.png	2015-02	51
http://i.imgur.com/jrhY2IW.gif	2015-05	51
http://i.imgur.com/NnoGhN1.gif	2015-02	51
http://i.imgur.com/vB9B5.gif	2015-02	51
http://i.imgur.com/e13Kprp.jpg	2015-01	51
http://imgs.xkcd.com/comics/password_strength.png	2015-03	51
http://www.reactiongifs.com/wp-content/uploads/2013/06/I-dont-believe-you.gif	2015-01	51
http://i.imgur.com/fyFYnIU.png	2015-03	51
http://myreactiongifs.com/gifs/jenniferlawrenceokaythumbup.gif	2015-05	51
http://i.imgur.com/2wE0Tw5.gif	2015-01	50
http://imgs.xkcd.com/comics/free_speech.png	2015-05	50
http://i.imgur.com/DrZuKRr.png	2015-01	50
http://i.imgur.com/vwMin.gif	2015-04	50
http://imgs.xkcd.com/comics/standards.png	2015-05	50
http://i.imgur.com/LM9Iudj.jpg	2015-03	50
http://i.imgur.com/VdvdrII.jpg	2015-02	50
http://i.imgur.com/meftV0q.gif	2015-04	50
http://i.imgur.com/dKj2Q3B.jpg	2015-01	50
http://i.imgur.com/tTc9cKQ.gif	2015-04	50
http://i.imgur.com/gWngBjI.gif	2015-02	50
https://i.imgur.com/PtUZkht.jpg	2015-01	50
http://puu.sh/fN49D/35f187aafb.png	2015-01	50
https://i.imgur.com/sy9lVl4.jpg	2015-03	50
http://i.imgur.com/vB9B5.gif	2015-05	50
http://i.imgur.com/vwMin.gif	2015-05	50
http://i.imgur.com/3UEJEHr.png	2015-04	49
http://i.imgur.com/vB9B5.gif	2015-03	49
http://i.imgur.com/P8tJImV.gif	2015-05	49
http://media.giphy.com/media/EldfH1VJdbrwY/giphy.gif	2015-05	49
https://i.imgur.com/9WuFhGK.png	2015-02	49
http://www.lspace.org/books/reading-order-guides/the-discworld-reading-order-guide-20.jpg	2015-03	49
http://getdotastats.com/sig/28755155.png	2015-04	49
http://i.imgur.com/NQ0sMcE.jpg	2015-01	49
http://i.imgur.com/MlHm0Zg.gif	2015-04	49
http://imgs.xkcd.com/comics/standards.png	2015-01	49
http://www.reactiongifs.com/r/2013/10/tim-and-eric-mind-blown.gif	2015-05	49
http://i.imgur.com/oeeLmWg.jpg	2015-02	49
https://i.imgur.com/sy9lVl4.jpg	2015-04	49
https://i.imgur.com/sy9lVl4.jpg	2015-01	48
http://i.imgur.com/jOjxPm2.png	2015-03	48
http://i.imgur.com/aItHDGA.jpg	2015-01	48
http://img.pandawhale.com/30488-Woody-Harrelson-crying-money-b-8fc5.gif	2015-05	48
http://media.giphy.com/media/12XMGIWtrHBl5e/giphy.gif	2015-04	48
http://i.imgur.com/zfh6Tsl.jpg	2015-05	48
http://i.imgur.com/QSwEUnQ.gif	2015-02	48
http://i.imgur.com/vwMin.gif	2015-01	48
http://i.imgur.com/ZltCxaK.gif	2015-03	48
http://imgs.xkcd.com/comics/standards.png	2015-02	48
http://i.imgur.com/hHGq6NR.jpg	2015-01	48
http://i.imgur.com/i1Ok6qN.gif	2015-05	48
https://i.imgur.com/JbyYMzP.gif	2015-03	48
http://i.imgur.com/yS9kN3q.gif	2015-03	48
http://i.imgur.com/DKBH7cI.gif	2015-01	48
https://i.imgur.com/c7NJRa2h.jpg	2015-04	48
http://i.imgur.com/P8tJImV.gif	2015-04	47
http://i.imgur.com/o2yCYNu.jpg	2015-05	47
http://imgs.xkcd.com/comics/technically.png	2015-01	47
https://i.imgur.com/tqzGqEg.jpg	2015-05	47
http://i.imgur.com/2I5JlUK.jpg	2015-01	47
http://i.imgur.com/fo977aU.png	2015-01	47
http://i.imgur.com/hHGq6NR.jpg	2015-02	47
http://www.reactiongifs.com/r/2011/09/mind_blown.gif	2015-04	47
https://i.imgur.com/fb7Dtmh.png	2015-03	47
http://i.imgur.com/IwK5sDa.gif	2015-01	47
https://i.imgur.com/snLplqq.jpg	2015-01	47
http://i.imgur.com/ePwowre.jpg	2015-01	47
http://i2.kym-cdn.com/photos/images/original/000/688/084/0f7.jpg	2015-01	46
https://i.imgur.com/RfZy2mi.jpg	2015-05	46
http://i.imgur.com/xgz9nkR.gif	2015-01	46
http://i.ytimg.com/vi/GD6qtc2_AQA/maxresdefault.jpg	2015-02	46
http://i.imgur.com/xgz9nkR.gif	2015-04	46
http://i.imgur.com/f4TYeM8.jpg	2015-04	46
https://i.imgur.com/c7NJRa2h.jpg	2015-03	46
http://www.reactiongifs.com/r/ktf.gif	2015-04	46
http://i.imgur.com/EL6oidJ.jpg	2015-01	46
http://i.imgur.com/ayFQNnr.jpg	2015-05	46
http://25.media.tumblr.com/1a0faa511a7848259bf353043a791a67/tumblr_mv14hnEu5m1s2je29o1_250.gif	2015-01	46
http://i.imgur.com/nO9akg4.gif	2015-04	46
http://i.imgur.com/CtfidQK.gif	2015-05	46
http://i.imgur.com/30rx5c3.jpg	2015-03	46
http://i.imgur.com/9CE4FpH.jpg	2015-01	46
http://gunshowcomic.com/comics/20130109.png	2015-03	46
http://i.imgur.com/Ssp5kIV.png	2015-03	46
http://i.imgur.com/3vY3VfK.gif	2015-01	46
http://i.imgur.com/sPwgpLj.gif	2015-05	46
http://i.imgur.com/iYZM3QR.gif	2015-04	45
http://i.imgur.com/NOECI0s.jpg	2015-05	45
http://i.imgur.com/tEjeMu8.png	2015-04	45
https://i.imgur.com/RfZy2mi.jpg	2015-04	45
http://i.imgur.com/meftV0q.gif	2015-05	45
http://i.imgur.com/ZycoUDP.jpg	2015-04	45
http://i.imgur.com/5RWL9Z3.png	2015-05	45
http://i.imgur.com/J03PJPB.gif	2015-04	45
http://b.thumbs.redditmedia.com/N-W-H-3hlX7GAkg0w-izvfsZ60QCA9KO96klQr9SRZc.jpg	2015-03	45
http://i.imgur.com/91sn32Q.jpg	2015-05	45
http://i.imgur.com/XS5LK.jpg	2015-05	45
http://i.imgur.com/6wYnlyj.gif	2015-01	45
http://img.pandawhale.com/83411-I-understood-that-reference-gi-6jlf.gif	2015-03	45
http://i.ytimg.com/vi/GD6qtc2_AQA/maxresdefault.jpg	2015-04	45
http://www.reactiongifs.us/wp-content/uploads/2013/11/clapping_joker_batman_dark_knight.gif	2015-01	45
http://i.imgur.com/TR22XH0.jpg	2015-04	45
http://i.imgur.com/BbgL7x3.gif	2015-03	44
http://i.imgur.com/B3CkkTq.png	2015-02	44
http://i.imgur.com/tJaBJjl.gif	2015-04	44
https://s-media-cache-ak0.pinimg.com/736x/df/73/29/df7329fecbbdd7c4ac2b83905597c3a5.jpg	2015-04	44
http://i.ytimg.com/vi/qM9O-7bHJjs/maxresdefault.jpg	2015-04	44
http://i.imgur.com/vIf0lAD.gif	2015-03	44
http://imgs.xkcd.com/comics/wake_up_sheeple.png	2015-05	44
http://imgs.xkcd.com/comics/free_speech.png	2015-02	44
http://i.imgur.com/NUyttbn.gif	2015-03	44
http://i.imgur.com/YvVIq8F.jpg	2015-05	44
http://i.imgur.com/GZf4Mv3.jpg	2015-04	44
http://i.imgur.com/wjANVCD.jpg	2015-02	44
http://i.imgur.com/pAX3cg7.jpg	2015-02	44
http://i.imgur.com/SQJP9ad.jpg	2015-01	44
http://i.imgur.com/hUNAo.jpg	2015-01	44
http://i.imgur.com/m18oSRI.png	2015-02	44
http://www.reactiongifs.com/r/ktf.gif	2015-05	44
http://gifrific.com/wp-content/uploads/2014/02/There-Are-Dozens-of-Us-Tobias-Funke-Arrested-Development.gif	2015-04	44
http://i.imgur.com/4hgAaHm.gif	2015-02	44
http://i.imgur.com/GYKuXlH.jpg	2015-02	44
http://i.imgur.com/CE4r5vR.jpg	2015-05	43
http://i.imgur.com/aj1iVum.jpg	2015-01	43
http://www.reactiongifs.com/r/ktf.gif	2015-02	43
http://i.imgur.com/dhMeAzK.gif	2015-01	43
http://www.reactiongifs.com/r/2013/10/tim-and-eric-mind-blown.gif	2015-03	43
http://i.imgur.com/rwrHhNy.gif	2015-01	43
http://i0.kym-cdn.com/photos/images/newsfeed/000/638/971/6aa.jpg	2015-01	43
http://i.imgur.com/hHGq6NR.png	2015-02	43
http://i.imgur.com/2LDxUNW.png	2015-04	43
http://i.imgur.com/43eOIIL.gif	2015-01	43
http://i.imgur.com/etjgJ2D.jpg	2015-04	43
http://i.imgur.com/UJuMBcb.png	2015-05	43
http://i.imgur.com/kxJpOCV.jpg	2015-04	43
http://i.imgur.com/19163AK.png	2015-01	43
http://www.reactiongifs.com/r/2011/09/mind_blown.gif	2015-05	43
http://i.imgur.com/XM31eXr.jpg	2015-02	43
http://www.reactiongifs.us/wp-content/uploads/2013/06/fire_community.gif	2015-04	43
http://s22.postimg.org/mpi915hy9/screenshot_104.png	2015-03	43
http://i.imgur.com/RG0BS1U.gif	2015-01	43
http://i.imgur.com/TR22XH0.jpg	2015-05	43
http://i.imgur.com/fyFYnIU.png	2015-04	42
http://i.imgur.com/lSt7jSJ.gif	2015-03	42
http://i.imgur.com/GCOVi0J.png	2015-05	42
http://vignette1.wikia.nocookie.net/epicrapbattlesofhistory/images/8/89/500px-Oh-you-show.jpg	2015-04	42
http://i.imgur.com/PtUZkht.jpg	2015-01	42
https://www.reddit.com/user/nofunallowed98765/)[.](https://i.imgur.com/L67V6H4.gif	2015-03	42
http://www.geeky-gadgets.com/wp-content/uploads/2015/02/Destiny-House-of-Wolves1.jpg	2015-04	42
http://i.imgur.com/PLTZJRh.gif	2015-05	42
http://i.dailymail.co.uk/i/pix/2015/02_04/black-and-blue-dress.gif	2015-02	42
http://i.imgur.com/bronpIV.jpg	2015-02	42
http://i.imgur.com/OehnIyc.jpg	2015-04	42
http://i.imgur.com/lhjhbB9.gif	2015-04	42
http://i.imgur.com/dKj2Q3B.jpg	2015-02	42
http://i.imgur.com/NUyttbn.gif	2015-04	42
http://i.imgur.com/lhjhbB9.gif	2015-03	42
http://i.imgur.com/U7Ghu2s.gif	2015-02	42
http://i.imgur.com/UGw2B1S.jpg	2015-02	42
http://i.imgur.com/f9FW2.gif	2015-01	42
http://i.imgur.com/yGpwRrG.jpg	2015-01	42
http://i.imgur.com/vqMOTbo.gif	2015-01	42
http://i.imgur.com/Xo9GNok.jpg	2015-01	42
http://i3.kym-cdn.com/photos/images/newsfeed/000/880/932/474.gif	2015-04	42
http://media.giphy.com/media/12XMGIWtrHBl5e/giphy.gif	2015-01	42
http://imgs.xkcd.com/comics/tasks.png	2015-03	42
http://i.imgur.com/pgZMbTb.gif	2015-02	41
http://i.imgur.com/hWmSaKj.png	2015-05	41
http://i.imgur.com/kSO0ptK.png	2015-01	41
http://i.imgur.com/snLplqq.jpg	2015-02	41
http://i.imgur.com/bvB6JKU.gif	2015-05	41
http://i.imgur.com/LYwpZij.gif	2015-02	41
http://i.imgur.com/WMDprhm.jpg	2015-02	41
http://i.imgur.com/BbgL7x3.gif	2015-02	41
http://i.imgur.com/XpIUkBp.png	2015-02	41
http://i.imgur.com/aiEJH.gif	2015-03	41
http://www.reactiongifs.com/r/xpectd.gif	2015-01	41
https://pbs.twimg.com/media/CCRzRzKUAAEgzGC.jpg	2015-04	41
http://media.tumblr.com/tumblr_mbvchoaaSR1qj63jg.gif	2015-02	41
https://blueollie.files.wordpress.com/2014/12/triggered.jpg	2015-04	41
http://imgs.xkcd.com/comics/wake_up_sheeple.png	2015-03	41
http://f.thumbs.redditmedia.com/wPjOQrGRacUELOnM.png	2015-05	41
http://i.imgur.com/4f0EIIl.gif	2015-05	41
http://i.imgur.com/QgJUL.gif	2015-05	41
http://i.imgur.com/B5BSVqH.png	2015-05	41
http://myreactiongifs.com/gifs/jenniferlawrenceokaythumbup.gif	2015-03	41
http://imgs.xkcd.com/comics/wake_up_sheeple.png	2015-04	40
http://img.pandawhale.com/post-28553-Steve-Jobs-mind-blown-gif-HD-T-pVbd.gif	2015-05	40
http://imgs.xkcd.com/comics/password_strength.png	2015-01	40
http://i0.kym-cdn.com/photos/images/newsfeed/000/173/576/Wat8.jpg	2015-05	40
http://www.reactiongifs.com/r/2013/05/Ron-Paul_Its-Happening1.gif	2015-01	40
http://i.imgur.com/MlHm0Zg.gif	2015-01	40
http://i.imgur.com/yOdQrGx.gif	2015-05	40
http://puu.sh/gyLmX/e72e497c5f.png	2015-03	40
http://i.imgur.com/f4TYeM8.jpg	2015-05	40
http://i.imgur.com/jUqtRmO.gif	2015-05	40
http://i.imgur.com/sPwgpLj.gif	2015-02	40
http://i.imgur.com/rD3JknX.jpg	2015-04	40
http://i.imgur.com/4hgAaHm.gif	2015-01	40
http://i.imgur.com/nEubnag.jpg	2015-03	40
http://i.imgur.com/sPwgpLj.gif	2015-04	40
http://i.imgur.com/6saXqqg.jpg	2015-03	40
http://i.imgur.com/gWngBjI.gif	2015-01	39
http://i.imgur.com/9Fd7jHA.jpg	2015-02	39
http://i.imgur.com/gxG25PM.gif	2015-05	39
http://i.imgur.com/pQ2VhDn.gif	2015-03	39
http://i.imgur.com/vIf0lAD.gif	2015-01	39
http://i.imgur.com/bnWmD60.png	2015-03	39
http://weknowgifs.com/wp-content/uploads/2013/04/star-trek-joke-gif.gif	2015-03	39
http://i.imgur.com/q5zjL2i.jpg	2015-03	39
http://gatherer.wizards.com/Handlers/Image.ashx?name=cultivate&amp;type=card&amp;.jpg	2015-05	39
http://i.imgur.com/fQO29Os.gif	2015-03	39
http://i.imgur.com/q9WUD55.jpg	2015-05	39
http://i.imgur.com/fyFYnIU.png	2015-01	39
http://www.reactiongifs.com/wp-content/uploads/2012/02/hSbE0.gif	2015-01	39
http://i.imgur.com/NjogCAx.jpg	2015-04	39
http://gunshowcomic.com/comics/20130109.png	2015-04	39
http://i.imgur.com/etjgJ2D.jpg	2015-02	39
http://i.imgur.com/GCOVi0J.png	2015-04	39
http://fc06.deviantart.net/fs70/i/2015/043/e/0/valentines_day__thank_you_for_eeveerything_by_dragondogdreams-d8ho2dx.png	2015-02	39
http://i.imgur.com/7oWF6Sl.jpg	2015-05	39
http://media0.giphy.com/media/rl0FOxdz7CcxO/giphy.gif	2015-03	39
http://imgs.xkcd.com/comics/free_speech.png	2015-04	39
http://imgs.xkcd.com/comics/exploits_of_a_mom.png	2015-03	39
http://i.imgur.com/tEWWTf9.gif	2015-02	39
http://b.thumbs.redditmedia.com/N-W-H-3hlX7GAkg0w-izvfsZ60QCA9KO96klQr9SRZc.jpg	2015-05	39
http://i.imgur.com/yS9kN3q.gif	2015-05	39
http://i.imgur.com/xP8Wwyt.gif	2015-02	39
http://i.imgur.com/vIf0lAD.gif	2015-05	39
http://i.imgur.com/zfh6Tsl.jpg	2015-04	39
http://i.imgur.com/TR22XH0.jpg	2015-03	39
http://i.imgur.com/vHrpmr9.jpg	2015-05	39
http://38.media.tumblr.com/tumblr_m3rgu9pSnW1rn7r5ao1_500.gif	2015-01	38
http://i.imgur.com/LfLGyCr.jpg	2015-05	38
http://i.imgur.com/mWGmkNi.gif	2015-01	38
http://i.imgur.com/bnWmD60.png	2015-04	38
https://i.imgur.com/hsKC9O2.jpg	2015-02	38
http://media.giphy.com/media/12XMGIWtrHBl5e/giphy.gif	2015-02	38
http://i.imgur.com/jrhY2IW.gif	2015-02	38
http://i.imgur.com/iYOXpB3.gif	2015-05	38
http://i.imgur.com/k0KOTtl.jpg	2015-01	38
http://i.imgur.com/BO7rmKK.jpg	2015-04	38
http://i.imgur.com/QgJUL.gif	2015-04	38
http://i.imgur.com/J03PJPB.gif	2015-05	38
http://i.imgur.com/q9WUD55.jpg	2015-04	38
http://i.imgur.com/ZycoUDP.jpg	2015-03	38
http://i.imgur.com/vIf0lAD.gif	2015-04	38
http://www.reactiongifs.com/wp-content/uploads/2011/09/mind_blown.gif	2015-01	38
http://i.imgur.com/Q93TOT0.gif	2015-03	38
http://img.pandawhale.com/30488-Woody-Harrelson-crying-money-b-8fc5.gif	2015-04	38
http://m.memegen.com/1o68tx.jpg	2015-04	38
http://imgs.xkcd.com/comics/hyphen.jpg	2015-04	38
http://replygif.net/i/166.gif	2015-05	38
http://imgur.com/NuIp6wl.gif	2015-05	38
http://i.imgur.com/r0lSMJX.jpg	2015-01	38
http://i.imgur.com/SdtRC86.gif	2015-05	38
http://i.imgur.com/NUyttbn.gif	2015-05	38
http://i.imgur.com/MlHm0Zg.gif	2015-03	38
http://media.giphy.com/media/EldfH1VJdbrwY/giphy.gif	2015-03	38
http://www.reactiongifs.com/wp-content/uploads/2013/06/supa-hot-fire.gif	2015-01	38
http://i.imgur.com/91sn32Q.jpg	2015-03	38
http://i.imgur.com/jrhY2IW.gif	2015-04	38
http://i1.kym-cdn.com/photos/images/facebook/000/325/934/060.png	2015-05	37
http://i.imgur.com/GmDnfOP.jpg	2015-04	37
http://i.imgur.com/NUyttbn.gif	2015-02	37
http://i.imgur.com/edKPlSO.jpg	2015-01	37
http://i.imgur.com/NFUMcah.png	2015-05	37
https://warosu.org/data/fa/img/0061/50/1368495112692.gif	2015-04	37
http://i.imgur.com/eRAaUdc.png	2015-03	37
http://i.imgur.com/ZltCxaK.gif	2015-05	37
http://i.imgur.com/It7xugI.gif	2015-04	37
http://awesomegifs.com/wp-content/uploads/dead-horse.gif	2015-02	37
http://imgs.xkcd.com/comics/password_strength.png	2015-04	37
http://i.imgur.com/Smcm7rH.png	2015-03	37
http://i.imgur.com/NXXy5c7.png	2015-05	37
http://i.imgur.com/hbgJH8l.jpg	2015-05	37
https://i.imgur.com/hUNAo.jpg	2015-02	37
http://gatherer.wizards.com/Handlers/Image.ashx?name=Anticipate&amp;type=card&amp;.jpg	2015-04	37
http://i2.kym-cdn.com/photos/images/newsfeed/000/738/025/db0.jpg	2015-04	37
http://i.imgur.com/ye5nOg8.gif	2015-03	37
http://i.imgur.com/yj5gxw1.jpg	2015-01	37
http://imgs.xkcd.com/comics/duty_calls.png	2015-04	37
http://img.pandawhale.com/83411-I-understood-that-reference-gi-6jlf.gif	2015-05	37
https://i.imgur.com/fb7Dtmh.png	2015-04	37
http://i.imgur.com/PtUZkht.jpg	2015-03	37
http://i.imgur.com/RsvSM5N.jpg	2015-02	37
http://i.imgur.com/CAxjZut.png	2015-01	37
http://i.imgur.com/et4naKC.gif	2015-01	37
http://i.imgur.com/GZf4Mv3.jpg	2015-05	37
http://i.imgur.com/sg017lt.gif	2015-05	37
http://gatherer.wizards.com/Handlers/Image.ashx?name=cultivate&amp;type=card&amp;.jpg	2015-04	37
http://i2.kym-cdn.com/photos/images/newsfeed/000/738/025/db0.jpg	2015-05	37
http://i.ytimg.com/vi/GD6qtc2_AQA/maxresdefault.jpg	2015-03	37
http://i.imgur.com/o2yCYNu.jpg	2015-01	37
http://i.imgur.com/RG0BS1U.gif	2015-02	36
http://i.imgur.com/hbgJH8l.jpg	2015-04	36
http://i.imgur.com/56DJtb0.jpg	2015-02	36
https://i.imgur.com/lXVJYnh.png	2015-05	36
http://i.imgur.com/XS5LK.jpg	2015-04	36
http://i.imgur.com/HiFMViU.jpg	2015-01	36
http://i.imgur.com/MlHm0Zg.gif	2015-02	36
http://i.imgur.com/H3EUV4Q.jpg	2015-01	36
http://i.imgur.com/ZIBM4BI.jpg	2015-02	36
http://i.imgur.com/w4JyaUZ.jpg	2015-04	36
http://i.imgur.com/jAW5dZI.png	2015-02	36
http://i.imgur.com/o2yCYNu.jpg	2015-04	36
http://i.imgur.com/wRuYjfb.png	2015-05	36
http://i.imgur.com/LjaQxxz.png	2015-01	36
http://i.imgur.com/CE4r5vR.jpg	2015-04	36
http://i.imgur.com/wxfHyIF.jpg	2015-01	36
https://i.imgur.com/c7NJRa2h.jpg	2015-05	36
http://www.reactiongifs.com/wp-content/uploads/2012/02/hSbE0.gif	2015-04	36
http://www.reactiongifs.us/wp-content/uploads/2013/07/you_got_me_breaking_bad.gif	2015-05	36
http://i.imgur.com/GkF8fLM.png	2015-04	36
http://gatherer.wizards.com/Handlers/Image.ashx?name=cultivate&amp;type=card&amp;.jpg	2015-03	36
http://i.imgur.com/aItHDGA.jpg	2015-02	36
http://www.explosm.net/db/files/Comics/Rob/first-day.png	2015-02	36
http://www.reactiongifs.com/r/ktf.gif	2015-03	36
http://imgs.xkcd.com/comics/hyphen.jpg	2015-02	36
http://i.imgur.com/W0QgS4N.png	2015-03	36
http://i.imgur.com/thJ2A9F.jpg	2015-01	36
http://i.imgur.com/JQB7k.gif	2015-04	35
http://i.imgur.com/It7xugI.gif	2015-03	35
http://i.imgur.com/hbgJH8l.jpg	2015-02	35
http://i.imgur.com/56DJtb0.jpg	2015-03	35
http://gifrific.com/wp-content/uploads/2014/02/There-Are-Dozens-of-Us-Tobias-Funke-Arrested-Development.gif	2015-03	35
http://gifrific.com/wp-content/uploads/2014/02/There-Are-Dozens-of-Us-Tobias-Funke-Arrested-Development.gif	2015-02	35
http://www.influx.com.br/blog/wp-content/uploads/2015/02/Pb3wfLI.jpg	2015-05	35
http://img1.wikia.nocookie.net/__cb20130312013032/random-ness/images/f/f0/Why_not_both.jpg	2015-03	35
http://i.imgur.com/VZpkTkn.jpg	2015-01	35
http://s22.postimg.org/mpi915hy9/screenshot_104.png	2015-04	35
http://i.imgur.com/6BWzh3o.gif	2015-05	35
http://data3.whicdn.com/images/30761456/large.gif	2015-01	35
http://i.imgur.com/7kZ562z.jpg	2015-01	35
https://i.imgur.com/fb7Dtmh.png	2015-05	35
http://i.imgur.com/Mpi2qdN.gif	2015-05	35
http://media0.giphy.com/media/rl0FOxdz7CcxO/giphy.gif	2015-04	35
http://drcaos.com/wp-content/uploads/2013/01/ubisoft-fuck.jpg	2015-01	35
http://i.imgur.com/TgWdm9O.jpg	2015-01	35
http://i.imgur.com/YAGpXPd.png	2015-04	35
http://i.imgur.com/DXtjZzO.png	2015-04	35
http://i.imgur.com/TDIjSMO.jpg	2015-03	35
http://i.imgur.com/MsATYrP.jpg	2015-04	35
http://i.imgur.com/tEjeMu8.png	2015-05	35
http://i.imgur.com/QAKFpPF.gif	2015-05	35
http://www.reactiongifs.com/r/daduntsh.gif	2015-01	35
http://puu.sh/7YTY5.jpg	2015-02	35
http://i.imgur.com/7FO9a8A.png	2015-01	35
http://i.imgur.com/QgJUL.gif	2015-02	35
https://31.media.tumblr.com/4f63914cebb691eb91a5e0d23a0c4088/tumblr_inline_ndqc17q6TM1sqqavy.jpg	2015-03	35
http://puu.sh/gyLmX/e72e497c5f.png	2015-05	35
http://f.thumbs.redditmedia.com/wPjOQrGRacUELOnM.png	2015-01	34
http://i.imgur.com/NnoGhN1.gif	2015-01	34
http://i.imgur.com/YLdZhZv.jpg	2015-01	34
http://i.imgur.com/0hxFqy8.gif	2015-05	34
http://i.imgur.com/FTBeq1g.gif	2015-05	34
http://media.tumblr.com/tumblr_mbvchoaaSR1qj63jg.gif	2015-01	34
http://i0.kym-cdn.com/photos/images/original/000/182/338/Marthrapeface.png	2015-02	34
http://i.imgur.com/UXNhuH0.jpg	2015-02	34
http://i.imgur.com/wRuYjfb.png	2015-03	34
https://i.imgur.com/sy9lVl4.jpg	2015-02	34
http://www.explosm.net/db/files/Comics/Rob/first-day.png	2015-01	34
http://imgs.xkcd.com/comics/password_strength.png	2015-02	34
http://i.imgur.com/oNObxMf.gif	2015-05	34
http://i.imgur.com/3vY3VfK.gif	2015-05	34
http://i.imgur.com/PN23vkl.gif	2015-05	34
http://i.imgur.com/YAGpXPd.png	2015-05	34
http://i.imgur.com/Xo9GNok.jpg	2015-04	34
http://imgs.xkcd.com/comics/exploits_of_a_mom.png	2015-05	34
http://i.imgur.com/YcUg2Fr.gif	2015-02	34
http://i.imgur.com/4nGQM6R.jpg	2015-05	34
http://www.reactiongifs.com/wp-content/gallery/yes/yesjacknicholson.gif	2015-04	34
http://gatherer.wizards.com/Handlers/Image.ashx?name=counterspell&amp;type=card&amp;.jpg	2015-05	34
http://i.imgur.com/ZoL0cQx.png	2015-04	34
http://i.imgur.com/RspJyHy.gif	2015-02	34
http://www.reactiongifs.us/wp-content/uploads/2013/03/kill_it_with_fire.gif	2015-01	34
http://i.imgur.com/q2dfh0A.png	2015-03	33
http://i.imgur.com/7kZ562z.jpg	2015-03	33
http://i.imgur.com/89HANHg.gif	2015-03	33
http://i.imgur.com/tTc9cKQ.gif	2015-03	33
http://i.imgur.com/wEl3c.gif	2015-01	33
http://i.imgur.com/oqj1avK.png	2015-03	33
http://i.imgur.com/9T1kgIr.gif	2015-04	33
https://i.imgur.com/wjANVCD.jpg	2015-05	33
http://www.reactiongifs.com/r/2013/10/tim-and-eric-mind-blown.gif	2015-02	33
https://www.reddit.com/user/nofunallowed98765/)[.](https://i.imgur.com/L67V6H4.gif	2015-05	33
http://i.imgur.com/4MmX4zh.gif	2015-04	33
http://i.imgur.com/vUrM6u9.gif	2015-01	33
http://gatherer.wizards.com/Handlers/Image.ashx?name=Ashnod%27s%20Altar&amp;type=card&amp;.jpg	2015-04	33
http://i.imgur.com/YNU3FyG.jpg	2015-04	33
http://imgs.xkcd.com/comics/wake_up_sheeple.png	2015-01	33
http://www.reactiongifs.com/r/2013/05/Ron-Paul_Its-Happening1.gif	2015-03	33
http://i.imgur.com/y8MsCZL.jpg	2015-04	33
http://i.imgur.com/yQGBcZC.jpg	2015-01	33
http://i.imgur.com/ye5nOg8.gif	2015-05	33
https://lestark1.files.wordpress.com/2014/09/cute-kitten-praying.jpg	2015-01	33
http://i.imgur.com/40uMa8E.jpg	2015-02	33
http://i.imgur.com/8qepYku.jpg	2015-04	33
http://gatherer.wizards.com/Handlers/Image.ashx?name=Counterspell&amp;type=card&amp;.jpg	2015-03	33
http://i.imgur.com/fyFYnIU.png	2015-02	33
http://i.imgur.com/6NfmQ.jpg	2015-04	33
http://i.imgur.com/JyKVkdU.png	2015-02	33
http://i.imgur.com/FwsRdVg.jpg	2015-01	33
http://i.imgur.com/ayFQNnr.jpg	2015-03	33
http://i.imgur.com/FTBeq1g.gif	2015-02	33
http://i.imgur.com/lgRJ0Vd.png	2015-05	33
http://i.imgur.com/IK1V3gk.jpg	2015-03	33
http://www.reactiongifs.com/wp-content/uploads/2013/06/supa-hot-fire.gif	2015-05	33
https://i.imgur.com/sy9lVl4.jpg	2015-05	33
http://img1.wikia.nocookie.net/__cb20130312013032/random-ness/images/f/f0/Why_not_both.jpg	2015-02	33
http://res.cloudinary.com/urbandictionary/image/upload/a_exif,c_fit,h_200,w_200/v1395991705/gjn81wvxqsq6yzcwubok.png	2015-01	33
http://imgs.xkcd.com/comics/screenshot.png	2015-03	33
http://imgs.xkcd.com/comics/screenshot.png	2015-01	33
http://thingiverse-production.s3.amazonaws.com/renders/e9/2b/ab/17/39/reddit-silver-medal-meme_preview_featured.jpg	2015-05	33
http://www.reactiongifs.com/wp-content/uploads/2012/02/hSbE0.gif	2015-02	32
http://img1.wikia.nocookie.net/__cb20130312013032/random-ness/images/f/f0/Why_not_both.jpg	2015-01	32
http://media.giphy.com/media/EldfH1VJdbrwY/giphy.gif	2015-02	32
http://www.reactiongifs.com/wp-content/gallery/yes/yesjacknicholson.gif	2015-02	32
http://www.reactiongifs.com/r/2013/06/you-got-me.gif	2015-03	32
https://38.media.tumblr.com/30766e4307992416beac6cfcbab0bd80/tumblr_mu4qjuBnVk1sd5eo5o1_400.gif	2015-01	32
http://i.imgur.com/etjgJ2D.jpg	2015-01	32
http://i.imgur.com/UonkEtv.png	2015-04	32
http://i.imgur.com/HcfojKV.jpg	2015-01	32
http://i.imgur.com/QgJUL.gif	2015-01	32
http://i.imgur.com/BO7rmKK.jpg	2015-03	32
http://i.imgur.com/RtYTueY.jpg	2015-02	32
http://i.imgur.com/lhjhbB9.gif	2015-05	32
http://i.imgur.com/P8tJImV.gif	2015-03	32
http://i.imgur.com/B5BSVqH.png	2015-03	32
http://i.imgur.com/tgrbCnr.jpg	2015-05	32
http://i.imgur.com/mDe3GqX.gif	2015-02	32
http://i.imgur.com/mh41ilb.jpg	2015-03	32
http://i.imgur.com/Q93TOT0.gif	2015-05	32
http://i.imgur.com/tsG3GtX.png	2015-03	32
http://b.thumbs.redditmedia.com/N-W-H-3hlX7GAkg0w-izvfsZ60QCA9KO96klQr9SRZc.jpg	2015-02	32
http://a.pomf.se/kogwoc.jpg	2015-05	32
http://i.imgur.com/v7c1kEZ.gif	2015-04	32
http://i.imgur.com/gOvL9PH.jpg	2015-03	32
http://www.reddit.com/message/compose/?to=moviesbot&amp;subject=IGNORE%20ME&amp;message=[IGNORE%20ME](http://i.imgur.com/s2jMqQN.jpg	2015-05	32
http://i.imgur.com/ZhEpfb3.jpg	2015-01	32
http://i.imgur.com/ZZI1Hsl.jpg	2015-01	32
http://i.imgur.com/SSMCsTG.jpg	2015-05	32
http://i.imgur.com/tZOS8.gif	2015-04	32
http://i.imgur.com/NKtuo6j.jpg	2015-03	32
http://i.imgur.com/TQnYWqC.jpg	2015-02	32
http://i.imgur.com/NQ0sMcE.jpg	2015-02	32
http://www.reactiongifs.com/r/daduntsh.gif	2015-02	32
http://i.imgur.com/xgz9nkR.gif	2015-02	32
https://s-media-cache-ak0.pinimg.com/originals/b5/7f/f7/b57ff78210fd5626f23dd81f1037b4eb.jpg	2015-05	32
https://i.imgur.com/InyiglM.gif	2015-04	32
http://i.imgur.com/GfJNU68.gif	2015-03	32
http://i.imgur.com/Q74nLZT.jpg	2015-05	32
http://gunshowcomic.com/comics/20130109.png	2015-01	32
http://i.imgur.com/mXN4D95.png	2015-02	32
http://puu.sh/98ZNB/369dfc022c.jpg	2015-02	32
http://i.imgur.com/xKLNA7f.png	2015-04	32
http://i.imgur.com/oEhVvjZ.gif	2015-04	32
http://i.imgur.com/gWngBjI.gif	2015-03	32
http://i.imgur.com/Ios1eOY.jpg	2015-02	32
http://i.imgur.com/j4I1drJ.png	2015-05	32
http://i.imgur.com/orP8bO6.jpg	2015-01	32
http://weknowgifs.com/wp-content/uploads/2013/03/its-magic-shia-labeouf-gif.gif	2015-02	32
http://www.reactiongifs.us/wp-content/uploads/2014/11/laugh_crying_kristen_bell.gif	2015-04	32
http://i.imgur.com/uBhJVyU.gif	2015-05	32
http://i.imgur.com/GZf4Mv3.jpg	2015-01	32
http://i.imgur.com/9T1kgIr.gif	2015-02	32
http://a.pomf.se/kogwoc.jpg	2015-04	32
http://i.imgur.com/mFqCtOw.png	2015-02	32
http://i.imgur.com/Wzlm9xX.gif	2015-03	32
http://i.imgur.com/pQ2VhDn.gif	2015-04	32
http://replygif.net/i/272.gif	2015-03	32
http://img.pandawhale.com/post-28553-Steve-Jobs-mind-blown-gif-HD-T-pVbd.gif	2015-03	32
http://img.pandawhale.com/83411-I-understood-that-reference-gi-6jlf.gif	2015-02	32
http://i.imgur.com/QCGHq56.png	2015-01	32
http://i.imgur.com/tZOS8.gif	2015-02	32
http://i.imgur.com/BmXMbRW.jpg	2015-05	32
http://gatherer.wizards.com/Handlers/Image.ashx?name=cultivate&amp;type=card&amp;.jpg	2015-01	32
http://i.imgur.com/cZTPJs3.jpg	2015-02	32
http://i.imgur.com/4GyQba3.png	2015-04	32
http://www.reactiongifs.us/wp-content/uploads/2013/06/ill_allow_it_community.gif	2015-04	31
http://i.imgur.com/yAalTE9.gif	2015-01	31
http://i.imgur.com/GZf4Mv3.jpg	2015-02	31
http://gatherer.wizards.com/Handlers/Image.ashx?name=skullclamp&amp;type=card&amp;.jpg	2015-05	31
http://i.imgur.com/Ty38QYk.jpg	2015-03	31
http://www.reactiongifs.com/r/2013/06/you-got-me.gif	2015-01	31
http://research.stlouisfed.org/fred2/graph/fredgraph.png	2015-03	31
http://www.reactiongifs.us/wp-content/uploads/2013/03/god_damn_right_breaking_bad.gif	2015-04	31
http://i.imgur.com/uz3QUOE.png	2015-02	31
http://i.imgur.com/6wYnlyj.gif	2015-02	31
http://i.imgur.com/gfGIszP.gif	2015-03	31
